guardianid,firstname,lastname
118425,Alise,Flory
382587,Carie,Harvett
951537,Stacey,Ceinaturaga
256394,Erika,Beshears
493453,Leslie,Close
563292,Ralph,Lessard
621364,John,Lyne
739024,Alan,Martinez
815362,Evonne,Pallo
192821,Kimberly,Oudekirk
118425,Diana,Flory
118425,Dawn,Flory
118425,Randy,Flory
382587,Julie,Harvett
951537,Eugene,Ceinaturaga
951537,Preston,Ceinaturaga
951537,Matthew,Ceinaturaga
256394,Rebecca,Beshears
493453,William,Close
493453,Jan,Close
815362,Rhonda,Pallo
