personid,firstname,lastname
482983,Selina,Agria
367213,Nicolea,O'Brien
375760,Sharon,Anderson
871520,Mariquilla,Arreguin
998869,Skelly,Gaines
455429,Ingrim,Ostend
186499,Quentin,Simpson
211850,Irving,Howell
389921,Elaine,Taylor
182152,Laura,Carillo
736264,Jillene,Coldiron
531536,Phillida,McGregory
238904,Ruggiero,Montgomery
979327,Stacy,Wilson
473782,Davida,Mariano
894820,Melissa,Rathcamp
594736,Matilda,Buffington
800287,Agna,Vint
493895,Reginauld,Maringo
118425,Eugenio,Flory
382587,Ronna,Harvett
951537,Chere,Ceinaturaga
256394,John,Beshears
493453,Jennifer,Close
563292,Ivan,Lessard
621364,Pamela,Lyne
739204,Zlatan,Martinez
815362,Bert,Pallo
192821,Melissa,Oudekirk